music_id,track_id,danceability,energy,key,mode,speechiness,acousticness,instrumentalness,liveness,valence,tempo
0,0,80,83,11,major,4,31,0,8,89,125
1,1,71,74,1,major,4,7,0,10,61,92
2,2,51,53,5,major,6,17,0,31,32,138
3,3,55,72,9,major,15,11,0,11,58,170
4,4,65,80,9,minor,6,14,63,11,23,144
5,5,92,58,1,major,24,19,0,8,66,141
6,6,67,76,5,minor,3,48,0,8,83,148
7,7,67,71,5,major,4,37,0,11,26,100
8,8,85,62,1,minor,9,12,0,28,22,130
9,9,81,48,2,minor,33,21,0,8,56,170
10,10,57,72,6,minor,5,23,0,27,56,83
11,11,78,82,5,minor,7,18,0,15,52,150
12,12,71,68,-1,major,7,6,0,3,65,118
13,13,51,43,2,minor,3,83,0,9,32,130
14,14,52,73,6,minor,6,34,0,31,66,174
15,15,64,73,8,major,4,5,17,16,43,89
16,16,78,59,11,minor,3,43,0,34,76,120
17,17,44,9,-1,major,3,96,0,10,14,78
18,18,86,66,11,major,16,14,0,12,67,100
19,19,63,73,7,major,4,0,0,36,36,120
20,20,65,74,5,minor,4,22,0,42,87,140
21,21,69,76,6,major,3,6,0,6,82,123
22,22,48,42,-1,minor,3,12,2,11,44,135
23,23,85,67,5,minor,5,26,0,12,81,133
24,24,85,68,1,major,20,7,0,36,83,99
25,25,79,86,7,minor,9,9,0,9,96,130
26,26,80,80,11,major,4,43,0,14,82,107
27,27,81,71,6,minor,4,14,0,56,74,122
28,28,52,68,6,major,4,46,0,15,52,204
29,29,67,85,11,minor,5,2,0,33,78,110
30,30,74,84,5,minor,6,0,0,11,35,126
31,31,56,87,6,major,5,39,0,11,63,168
32,32,71,61,1,minor,5,36,0,8,17,98
33,33,64,63,4,major,5,12,0,19,51,97
34,34,72,63,4,minor,28,67,0,9,61,180
35,35,81,68,-1,major,4,11,0,11,63,120
36,36,61,73,6,major,3,37,0,11,39,150
37,37,75,68,5,major,6,9,0,13,57,96
38,38,60,79,2,major,4,0,0,12,48,95
39,39,79,85,5,minor,6,27,0,11,96,125
40,40,56,65,9,minor,6,23,0,10,84,144
41,41,76,50,2,major,5,54,0,7,91,90
42,42,56,97,7,minor,4,4,0,35,38,128
43,43,56,56,6,major,10,37,0,11,58,79
44,44,77,58,-1,major,25,52,0,23,75,144
45,45,67,64,5,major,3,10,0,10,49,122
46,46,71,81,-1,major,5,11,0,6,82,140
47,47,59,52,1,minor,7,9,0,15,51,134
48,48,68,59,7,major,28,16,0,13,49,186
49,49,53,53,1,minor,7,23,0,44,50,67
50,50,72,64,10,minor,5,7,0,10,17,106
51,51,60,91,7,major,3,0,0,12,23,128
52,52,92,70,6,minor,7,18,0,15,55,107
53,53,67,88,7,minor,4,12,19,8,96,130
54,54,45,54,4,minor,4,70,0,9,13,123
55,55,50,80,1,major,7,0,0,9,38,171
56,56,64,72,7,minor,5,51,0,17,88,137
57,57,84,68,7,minor,4,58,0,22,85,125
58,58,86,72,-1,minor,19,59,0,9,42,128
59,59,61,58,-1,minor,4,55,0,27,53,130
60,60,86,96,11,major,5,50,1,9,59,130
61,61,70,81,5,major,5,25,0,25,86,133
62,62,88,59,2,major,3,62,0,9,72,101
63,63,77,64,5,minor,14,74,0,17,53,95
64,64,90,59,1,minor,29,0,0,10,40,98
65,65,43,66,11,major,3,0,0,23,28,173
66,66,64,62,8,major,7,7,0,48,10,90
67,67,59,42,10,minor,7,55,0,10,71,198
68,68,56,73,1,major,4,0,0,35,48,140
69,69,51,53,8,major,3,1,0,15,22,82
70,70,77,89,1,minor,5,17,0,43,84,130
71,71,76,53,11,major,9,44,0,9,53,81
72,72,51,59,1,minor,3,65,18,25,14,94
73,73,61,81,10,major,3,5,2,10,41,124
74,74,62,78,2,major,4,1,3,23,55,128
75,75,49,62,5,minor,3,9,0,11,42,138
76,76,58,48,4,major,3,50,0,12,27,132
77,77,71,47,2,major,9,1,0,27,24,131
78,78,78,73,6,minor,7,5,0,10,58,168
79,79,68,79,1,major,6,33,0,30,40,98
80,80,48,73,1,major,4,43,0,15,50,102
81,81,34,57,10,major,3,78,0,20,32,101
82,82,63,34,5,major,9,76,0,35,36,130
83,83,50,64,2,major,3,1,0,12,20,142
84,84,59,76,1,major,5,4,0,10,48,170
85,85,78,68,8,minor,4,3,1,11,70,124
86,86,50,41,1,major,3,75,0,11,45,110
87,87,91,71,1,minor,8,9,0,9,43,92
88,88,82,66,2,major,7,39,51,25,40,116
89,89,63,82,9,major,7,70,8,9,84,129
90,90,71,60,8,major,3,19,0,12,67,98
91,91,74,76,1,minor,9,6,0,10,76,172
92,92,68,76,2,major,4,4,0,10,14,150
93,93,62,53,9,minor,4,11,0,6,19,136
94,94,53,47,1,minor,4,9,0,83,34,88
95,95,83,44,3,major,33,15,0,10,69,143
96,96,49,35,6,minor,3,71,9,11,17,100
97,97,56,55,5,major,13,14,0,11,39,143
98,98,56,66,1,minor,3,7,0,12,24,112
99,99,62,59,7,major,3,3,0,38,57,93
100,100,43,55,7,major,10,50,0,15,50,206
101,101,68,71,7,minor,5,15,0,11,17,88
102,102,50,90,2,major,5,0,0,12,37,170
103,103,62,67,4,minor,28,21,0,13,24,84
104,104,81,72,4,minor,5,51,0,12,53,134
105,105,54,40,10,major,6,61,0,10,50,158
106,106,80,80,1,major,3,4,0,10,92,116
107,107,61,69,1,major,3,2,0,9,45,117
108,108,77,72,5,minor,5,2,0,7,65,114
109,109,61,68,2,minor,3,0,0,13,47,108
110,110,74,53,4,minor,10,7,0,21,37,144
111,111,51,44,5,major,3,76,0,11,18,130
112,112,77,62,11,major,3,33,1,15,79,116
113,113,65,78,7,major,4,0,0,17,49,121
114,114,64,81,7,major,6,36,0,11,54,112
115,115,70,52,10,minor,33,30,0,6,47,100
116,116,55,78,3,minor,8,24,0,12,30,150
117,117,84,71,5,minor,17,18,0,34,96,120
118,118,82,85,11,minor,6,4,0,23,89,127
119,119,51,61,5,major,3,53,0,9,42,90
120,120,75,63,9,minor,4,33,0,15,79,128
121,121,64,87,9,major,4,4,4,8,31,143
122,122,74,68,8,major,4,3,0,26,68,139
123,123,49,64,10,major,4,19,0,11,78,162
124,124,81,60,-1,major,3,31,0,7,39,92
125,125,87,55,5,major,7,10,0,29,57,95
126,126,63,93,2,major,8,3,0,10,88,146
127,127,55,82,-1,major,5,12,0,34,56,95
128,128,35,30,4,minor,3,93,0,10,12,115
129,129,78,65,11,major,5,10,0,26,59,128
130,130,82,83,4,minor,5,3,0,27,69,130
131,131,80,77,9,minor,4,36,0,11,74,127
132,132,42,86,2,major,9,21,0,9,20,150
133,133,78,63,2,minor,5,27,0,9,50,122
134,134,52,85,-1,major,5,0,0,7,20,140
135,135,63,54,-1,major,8,46,0,12,22,140
136,136,75,53,1,minor,34,18,0,18,48,119
137,137,76,72,7,minor,4,32,0,9,96,110
138,138,60,45,8,major,2,16,0,11,17,95
139,139,56,55,6,major,3,45,1,32,20,132
140,140,77,78,10,minor,11,4,0,23,74,125
141,141,84,50,3,minor,6,67,0,13,65,124
142,142,93,65,11,minor,25,42,0,12,68,133
143,143,92,66,7,major,9,0,0,36,67,112
144,144,79,89,-1,major,5,5,0,6,92,97
145,145,59,48,5,minor,11,38,5,10,52,90
146,146,65,69,3,minor,4,8,0,53,27,80
147,147,45,59,9,major,3,6,0,8,33,172
148,148,60,35,4,major,3,73,0,31,24,120
149,149,74,80,7,minor,5,18,0,5,96,140
150,150,81,77,9,minor,5,1,0,9,90,128
151,151,78,81,-1,major,5,57,0,10,70,122
152,152,47,92,-1,major,24,8,0,5,86,130
153,153,69,71,9,major,20,33,0,31,61,160
154,154,73,70,5,major,5,6,0,28,87,144
155,155,50,52,11,major,6,11,0,28,85,192
156,156,54,67,-1,major,17,0,0,9,40,163
157,157,66,71,1,minor,4,6,0,12,48,122
158,158,61,74,2,major,6,21,0,40,41,154
159,159,73,69,9,minor,4,6,0,11,31,117
160,160,78,83,7,minor,5,10,0,12,89,138
161,161,86,80,-1,major,6,33,0,8,74,96
162,162,77,63,1,major,5,1,0,36,36,104
163,163,45,62,8,major,3,8,0,16,24,164
164,164,68,82,-1,major,3,2,0,50,61,118
165,165,68,60,11,minor,10,3,0,19,51,81
166,166,82,45,1,major,3,54,0,7,73,117
167,167,45,37,2,major,4,97,25,64,10,174
168,168,73,77,1,major,4,3,0,11,60,128
169,169,60,27,-1,major,4,94,0,14,43,145
170,170,65,55,1,minor,3,73,0,14,51,150
171,171,60,53,9,minor,4,4,0,21,13,90
172,172,55,53,5,major,3,17,0,22,42,85
173,173,33,71,3,major,5,20,0,28,38,180
174,174,57,94,1,major,9,11,0,37,84,166
175,175,71,50,8,major,22,16,0,16,40,160
176,176,65,80,7,major,16,5,0,41,95,160
177,177,70,63,2,major,4,4,0,8,81,92
178,178,56,64,-1,major,6,11,0,45,53,170
179,179,83,65,1,minor,8,58,0,9,93,96
180,180,67,52,8,major,4,86,0,12,40,120
181,181,70,54,-1,major,8,6,0,9,37,98
182,182,53,34,7,major,4,1,0,12,12,92
183,183,34,56,9,major,3,4,0,11,24,150
184,184,37,47,5,major,3,2,46,11,17,94
185,185,74,63,4,minor,5,26,0,27,36,90
186,186,54,55,9,major,11,67,0,42,54,160
187,187,70,75,-1,major,4,24,0,9,59,120
188,188,63,85,5,major,5,1,0,9,46,109
189,189,57,66,4,minor,5,63,0,12,41,129
190,190,54,60,7,major,5,30,0,7,75,157
191,191,63,73,6,major,3,5,0,9,49,130
192,192,65,72,5,minor,25,10,0,13,19,107
193,193,50,89,11,minor,8,0,0,19,67,146
194,194,48,41,9,minor,10,32,0,10,37,139
195,195,74,70,-1,major,3,7,0,13,76,116
196,196,84,77,6,minor,4,12,0,7,52,95
197,197,62,80,8,minor,7,15,0,37,55,170
198,198,81,64,6,minor,11,3,0,10,18,134
199,199,57,90,6,minor,5,2,0,9,86,84
200,200,61,48,11,minor,6,21,0,12,20,146
201,201,53,67,10,minor,28,11,0,10,24,74
202,202,75,48,11,major,12,84,0,10,35,144
203,203,77,73,11,minor,10,15,0,27,79,136
204,204,56,55,4,major,4,53,0,12,53,100
205,205,89,78,5,minor,33,9,0,7,67,105
206,206,67,78,5,major,4,15,0,30,24,106
207,207,85,68,2,major,4,40,0,9,53,132
208,208,78,30,9,major,5,21,0,13,5,120
209,209,82,39,1,major,49,2,0,9,51,155
210,210,70,43,8,major,3,78,0,11,42,129
211,211,80,74,5,minor,9,62,0,8,85,135
212,212,73,62,10,minor,13,28,0,13,45,98
213,213,84,39,9,minor,4,3,0,11,64,124
214,214,77,55,9,minor,15,18,0,22,28,135
215,215,78,53,2,major,6,30,0,11,39,107
216,216,54,74,2,major,11,14,0,9,25,96
217,217,71,70,8,major,19,30,0,32,58,123
218,218,62,62,8,major,6,6,0,58,7,90
219,219,72,59,5,minor,21,14,0,20,45,117
220,220,78,84,9,minor,4,31,0,7,90,133
221,221,74,83,8,minor,6,11,0,35,61,96
222,222,66,60,8,major,13,40,0,14,85,149
223,223,66,40,6,minor,3,81,0,11,32,110
224,224,95,52,6,major,16,3,0,5,62,105
225,225,80,78,1,major,14,28,0,11,69,105
226,226,76,58,11,major,3,6,0,16,61,134
227,227,71,56,4,minor,12,4,0,27,59,170
228,228,59,60,6,major,13,46,1,25,26,81
229,229,63,92,6,major,5,31,0,91,75,154
230,230,69,51,1,major,4,63,0,38,69,169
231,231,78,69,7,major,14,4,0,7,64,115
232,232,43,74,9,minor,8,1,0,19,14,84
233,233,79,62,8,major,23,11,0,11,58,93
234,234,82,62,7,major,15,10,0,10,47,91
235,235,82,44,10,minor,7,6,0,33,54,142
236,236,78,70,1,major,4,1,0,16,20,126
237,237,73,44,10,major,8,26,0,16,10,97
238,238,92,51,5,major,8,41,51,26,59,101
239,239,80,48,7,minor,5,14,0,6,23,98
240,240,59,89,6,major,9,18,0,80,63,154
241,241,91,58,9,major,22,52,0,31,63,120
242,242,49,55,11,major,3,7,0,6,4,150
243,243,47,78,9,major,8,11,0,10,27,174
244,244,34,51,10,major,4,69,0,18,25,202
245,245,56,52,11,minor,24,5,0,36,42,153
246,246,60,37,5,major,3,58,0,13,13,142
247,247,84,47,9,minor,64,26,0,20,55,108
248,248,83,69,11,major,12,4,0,23,25,143
249,249,67,67,2,major,5,60,0,80,55,108
250,250,95,66,5,minor,6,3,0,4,78,104
251,251,84,79,6,minor,11,43,0,18,96,93
252,252,65,53,6,minor,5,16,0,9,46,105
253,253,44,32,8,major,5,89,0,14,27,170
254,254,62,66,1,minor,5,18,0,12,56,178
255,255,50,76,6,minor,5,10,0,32,44,176
256,256,80,88,4,minor,5,11,0,11,38,104
257,257,70,84,7,major,30,31,0,47,83,85
258,258,77,58,6,minor,5,39,0,26,69,117
259,259,52,48,-1,major,39,86,0,15,57,80
260,260,44,41,5,major,5,50,0,38,36,98
261,261,79,78,1,minor,25,34,0,11,58,178
262,262,51,33,9,major,3,48,0,22,27,148
263,263,77,66,2,major,3,65,0,38,94,120
264,264,68,88,4,minor,5,1,0,8,38,122
265,265,74,73,5,major,4,42,0,9,75,144
266,266,93,47,2,major,36,33,0,10,47,96
267,267,77,88,8,major,9,16,0,17,35,137
268,268,94,61,6,minor,42,12,0,53,71,121
269,269,60,57,9,minor,3,1,0,50,10,119
270,270,72,47,2,major,4,71,0,13,40,96
271,271,87,52,1,major,5,66,1,11,53,111
272,272,90,68,9,major,19,14,0,10,74,148
273,273,57,59,9,major,5,8,0,6,80,182
274,274,79,86,2,major,9,28,0,4,82,141
275,275,76,81,4,minor,9,19,0,6,80,145
276,276,76,70,11,minor,6,1,0,41,26,110
277,277,70,41,7,major,3,41,0,10,35,134
278,278,92,62,7,major,10,18,0,6,78,130
279,279,84,53,10,major,7,35,0,8,88,145
280,280,69,90,11,minor,4,1,10,15,36,130
281,281,59,53,-1,major,3,12,0,23,69,173
282,282,75,76,11,minor,15,25,0,10,55,92
283,283,56,87,5,minor,4,0,1,10,57,105
284,284,59,64,7,minor,10,43,90,12,15,175
285,285,80,70,7,minor,4,22,0,9,33,120
286,286,70,48,3,minor,5,37,0,12,77,139
287,287,59,82,-1,minor,6,12,0,12,56,132
288,288,32,74,10,major,3,14,0,17,17,114
289,289,54,48,11,minor,5,36,0,37,19,145
290,290,82,69,-1,major,4,0,0,18,67,110
291,291,89,66,8,major,16,17,0,36,61,94
292,292,45,60,1,major,4,21,0,33,17,134
293,293,62,76,7,major,4,0,0,39,32,120
294,294,70,68,7,minor,4,24,0,11,86,123
295,295,77,71,10,major,4,35,0,15,84,131
296,296,70,73,2,major,26,1,0,36,6,171
297,297,80,76,4,minor,6,2,0,20,64,130
298,298,82,67,11,major,8,34,0,9,53,94
299,299,73,57,7,minor,6,39,0,32,44,89
300,300,65,56,5,minor,20,4,0,15,71,87
301,301,72,78,11,minor,30,55,0,15,79,124
302,302,71,65,8,major,32,51,0,22,80,78
303,303,70,79,8,major,10,7,0,18,70,120
304,304,48,80,6,minor,20,40,0,37,50,96
305,305,73,86,7,major,4,31,0,12,22,106
306,306,78,46,2,minor,35,62,0,12,75,170
307,307,67,76,11,minor,7,8,47,30,11,134
308,308,71,73,10,major,5,30,0,11,90,115
309,309,74,87,6,major,3,45,0,30,79,130
310,310,65,79,-1,major,3,3,0,10,63,118
311,311,59,38,7,major,3,42,0,12,22,110
312,312,72,66,9,major,4,18,4,19,42,100
313,313,70,79,7,minor,7,26,0,11,76,142
314,314,64,37,-1,major,7,72,0,12,18,140
315,315,90,73,7,major,4,62,0,9,96,116
316,316,73,85,9,major,3,25,0,61,64,120
317,317,76,79,5,minor,6,31,0,7,46,92
318,318,81,79,8,minor,3,5,0,31,64,110
319,319,71,97,10,major,11,1,0,13,57,120
320,320,63,61,8,major,6,9,0,56,40,80
321,321,95,69,5,minor,31,47,0,9,43,115
322,322,58,67,10,major,4,65,0,13,46,76
323,323,60,78,6,major,6,45,0,12,77,172
324,324,40,56,10,major,5,69,0,9,45,99
325,325,36,57,-1,minor,8,9,0,14,12,136
326,326,90,14,8,minor,10,67,35,11,64,150
327,327,71,31,10,minor,5,79,0,10,41,92
328,328,77,87,1,major,5,17,0,7,72,95
329,329,83,83,11,minor,5,21,0,10,58,102
330,330,70,55,-1,minor,6,43,0,16,34,145
331,331,50,86,9,major,4,0,0,64,24,110
332,332,64,77,-1,major,6,46,0,38,30,95
333,333,68,82,11,minor,13,53,0,9,81,94
334,334,61,91,7,major,3,0,0,26,92,142
335,335,59,74,6,minor,5,1,0,15,20,145
336,336,64,80,6,minor,3,0,0,36,67,121
337,337,66,76,3,minor,3,49,0,12,43,140
338,338,84,67,1,minor,6,8,0,11,44,137
339,339,56,85,8,major,3,0,0,15,72,104
340,340,57,76,5,major,3,7,0,33,68,92
341,341,74,45,2,minor,38,86,0,21,51,146
342,342,56,43,2,major,4,89,0,12,20,120
343,343,68,81,2,major,4,9,0,8,83,144
344,344,59,56,9,major,3,80,0,6,44,94
345,345,73,79,8,major,6,5,2,11,65,94
346,346,79,74,7,minor,5,8,0,11,66,113
347,347,50,76,4,major,3,12,0,12,49,148
348,348,70,73,1,major,26,12,0,11,29,98
349,349,58,38,11,major,4,91,0,10,26,140
350,350,36,28,7,major,3,81,0,18,28,100
351,351,86,79,6,major,29,39,0,11,68,140
352,352,59,94,4,minor,23,27,0,29,78,100
353,353,59,65,9,minor,3,2,0,13,49,100
354,354,87,70,-1,minor,5,42,0,21,82,132
355,355,49,67,2,major,3,10,0,26,48,142
356,356,72,63,4,minor,7,25,0,21,96,176
357,357,53,70,6,major,3,49,0,14,51,140
358,358,55,90,3,minor,6,1,0,32,40,105
359,359,81,77,5,major,3,75,0,35,97,135
360,360,82,59,4,minor,4,30,0,12,61,128
361,361,74,69,5,major,7,12,0,12,43,101
362,362,88,50,10,major,5,7,0,14,43,122
363,363,76,56,-1,minor,13,80,12,10,49,105
364,364,53,36,1,major,33,73,0,11,40,83
365,365,72,76,11,minor,28,24,0,42,59,77
366,366,75,25,11,minor,26,78,0,11,18,140
367,367,65,95,1,major,5,31,0,92,72,158
368,368,75,65,7,major,32,15,0,11,43,176
369,369,73,57,11,major,2,56,0,5,88,98
370,370,66,40,11,minor,3,72,0,11,47,107
371,371,66,57,5,minor,3,10,1,12,16,109
372,372,84,74,10,minor,7,10,0,34,72,109
373,373,53,81,-1,major,4,5,0,36,61,148
374,374,60,76,6,minor,5,17,0,19,52,158
375,375,74,73,5,minor,6,6,0,10,64,94
376,376,70,51,6,minor,4,35,0,10,40,96
377,377,80,67,5,minor,3,29,0,12,29,100
378,378,58,68,9,major,4,1,0,14,42,105
379,379,53,66,-1,major,3,38,0,9,32,125
380,380,56,63,6,minor,27,13,0,19,56,170
381,381,70,90,-1,major,6,17,0,41,84,115
382,382,64,89,8,major,9,0,0,15,25,122
383,383,88,80,10,minor,8,8,0,11,82,105
384,384,66,84,5,major,4,25,0,21,74,133
385,385,79,68,-1,major,4,7,0,26,60,100
386,386,82,45,3,minor,10,15,3,9,55,120
387,387,25,30,9,major,3,90,0,13,17,177
388,388,64,72,2,minor,5,15,0,9,31,142
389,389,57,84,4,minor,4,1,1,52,47,144
390,390,65,86,11,minor,10,9,0,19,80,120
391,391,92,51,2,major,6,55,0,15,73,135
392,392,81,78,11,major,4,38,0,12,82,107
393,393,82,74,7,major,7,10,0,33,62,105
394,394,44,77,6,minor,20,9,0,9,38,108
395,395,51,79,-1,minor,3,22,13,14,62,147
396,396,71,88,-1,major,4,16,0,44,34,115
397,397,70,64,5,major,32,23,0,8,57,174
398,398,68,71,10,minor,8,3,0,31,83,90
399,399,41,25,4,minor,4,84,1,14,9,141
400,400,68,49,5,major,4,56,0,8,50,82
401,401,47,43,5,major,3,62,0,32,25,92
402,402,77,80,8,minor,4,6,0,15,65,116
403,403,79,86,9,minor,11,4,0,8,59,124
404,404,71,89,10,minor,9,1,0,17,83,125
405,405,80,69,-1,major,10,2,0,27,71,90
406,406,46,64,1,major,34,31,0,7,34,83
407,407,79,79,11,minor,8,1,0,10,68,124
408,408,58,60,8,major,3,7,41,8,4,140
409,409,64,91,-1,major,4,15,0,72,61,154
410,410,74,70,3,minor,6,2,0,5,89,150
411,411,41,61,4,minor,5,2,0,12,9,186
412,412,40,48,8,minor,3,5,0,12,23,166
413,413,87,83,-1,major,9,0,4,31,20,107
414,414,87,52,7,major,24,31,0,28,52,87
415,415,40,64,8,major,7,21,0,7,39,82
416,416,46,28,9,minor,4,91,0,21,60,114
417,417,91,57,6,major,29,38,0,40,97,140
418,418,90,81,7,major,6,15,24,33,76,101
419,419,81,84,1,minor,6,5,23,6,6,140
420,420,49,66,7,minor,29,19,0,18,24,88
421,421,64,65,1,major,12,28,0,14,44,180
422,422,95,89,2,major,24,6,0,31,91,133
423,423,63,55,10,minor,6,72,0,6,20,108
424,424,39,43,5,minor,3,39,0,23,24,80
425,425,80,62,11,minor,46,3,6,11,46,75
426,426,67,64,6,minor,10,52,0,17,26,121
427,427,58,62,2,minor,8,18,0,20,17,140
428,428,81,90,11,minor,3,5,0,36,59,126
429,429,58,94,1,major,11,0,0,9,29,102
430,430,70,34,9,major,4,60,1,11,31,82
431,431,46,78,1,minor,6,23,0,72,53,121
432,432,70,83,6,minor,6,1,0,7,92,103
433,433,82,76,5,minor,9,9,0,12,88,108
434,434,65,47,5,minor,10,31,0,12,36,85
435,435,84,69,1,minor,5,1,0,5,70,125
436,436,69,39,2,major,6,41,0,13,40,120
437,437,58,57,-1,major,3,57,0,10,44,94
438,438,65,80,6,minor,5,22,4,7,49,130
439,439,74,74,4,major,4,2,0,29,51,110
440,440,34,63,7,major,4,16,0,7,33,150
441,441,74,65,11,minor,3,28,0,46,88,107
442,442,70,41,8,major,5,71,0,45,85,140
443,443,74,37,2,major,3,84,0,6,78,119
444,444,35,23,4,major,3,91,0,29,38,93
445,445,46,63,7,major,18,5,0,30,53,133
446,446,24,60,7,major,4,77,0,12,76,202
447,447,45,24,1,major,4,91,0,18,72,134
448,448,72,51,1,major,3,48,0,9,33,105
449,449,51,81,8,major,5,0,0,21,69,160
450,450,50,82,2,major,4,47,0,34,96,148
451,451,65,47,7,major,4,87,0,9,70,151
452,452,67,54,6,minor,4,51,0,9,88,162
453,453,53,77,2,major,3,40,0,32,84,92
454,454,65,65,1,major,7,44,18,21,35,152
455,455,71,26,9,minor,8,85,0,13,55,65
456,456,33,61,2,major,3,32,0,77,39,147
457,457,73,69,10,minor,9,53,0,32,71,150
458,458,67,36,-1,major,3,64,0,15,81,140
459,459,36,15,1,major,4,84,0,11,22,139
460,460,75,58,11,major,3,36,0,9,74,95
461,461,60,57,-1,major,3,0,2,27,23,115
462,462,62,43,6,major,5,84,3,11,59,125
463,463,60,20,-1,major,5,78,0,11,19,76
464,464,72,87,1,minor,3,14,0,13,91,101
465,465,51,66,7,minor,23,67,0,9,51,119
466,466,67,59,9,major,16,76,1,15,22,78
467,467,23,25,9,major,3,91,0,40,19,96
468,468,51,58,9,major,4,36,0,18,87,180
469,469,34,76,3,major,5,39,0,8,35,126
470,470,43,44,5,major,6,57,0,15,42,150
471,471,53,74,2,major,4,9,0,34,47,90
472,472,72,68,5,major,12,28,0,11,78,160
473,473,59,94,-1,major,4,24,0,10,60,114
474,474,73,32,7,major,5,77,0,15,72,113
475,475,67,72,-1,major,3,17,0,19,69,147
476,476,70,59,11,minor,3,3,0,10,92,100
477,477,49,77,8,major,9,3,0,12,42,155
478,478,54,39,7,minor,16,51,0,11,41,107
479,479,80,54,8,major,5,9,0,38,15,112
480,480,69,36,6,minor,4,81,0,8,96,107
481,481,47,68,8,major,38,24,0,22,33,81
482,482,79,46,1,major,7,5,0,11,77,150
483,483,66,32,9,major,4,69,0,12,19,110
484,484,64,40,7,major,6,6,0,10,4,108
485,485,89,74,4,minor,36,30,0,7,48,130
486,486,70,56,7,major,7,6,0,9,39,164
487,487,80,68,11,minor,4,2,0,66,42,114
488,488,63,88,5,major,4,1,0,12,93,93
489,489,87,69,1,minor,8,36,0,9,51,90
490,490,45,68,11,major,8,78,0,39,35,128
491,491,83,80,9,major,9,2,0,24,47,97
492,492,69,71,7,minor,8,79,0,7,94,152
493,493,51,34,8,major,5,73,0,10,94,175
494,494,61,55,2,major,8,67,0,16,48,116
495,495,33,59,5,minor,6,76,0,44,51,80
496,496,63,86,11,minor,39,26,0,21,34,93
497,497,70,54,4,major,5,30,0,37,42,122
498,498,70,79,7,major,10,3,0,7,91,122
499,499,70,58,9,minor,3,4,0,16,60,135
500,500,60,47,5,major,5,62,0,31,45,109
501,501,65,74,-1,minor,5,27,0,32,82,93
502,502,85,81,11,minor,9,2,5,7,64,125
503,503,58,45,-1,minor,8,36,0,11,83,206
504,504,76,77,7,major,3,1,0,13,44,130
505,505,80,51,7,minor,8,2,0,9,62,121
506,506,74,73,6,minor,5,0,0,21,35,123
507,507,67,67,11,minor,4,15,0,30,50,122
508,508,53,79,-1,major,3,0,0,8,50,143
509,509,70,77,10,minor,4,1,0,26,35,121
510,510,56,66,6,minor,18,28,0,11,68,166
511,511,41,64,1,major,3,36,0,60,27,135
512,512,49,59,4,minor,21,44,0,35,49,87
513,513,77,66,8,major,3,30,0,13,74,111
514,514,75,84,2,major,19,10,0,31,85,110
515,515,66,61,1,major,7,30,0,9,19,130
516,516,61,51,8,minor,15,30,0,38,76,179
517,517,74,73,5,minor,4,61,0,13,53,93
518,518,27,49,9,minor,5,62,0,49,10,78
519,519,65,58,2,major,31,2,0,4,37,180
520,520,28,41,9,minor,3,50,0,19,13,86
521,521,74,85,1,minor,22,1,0,5,55,88
522,522,68,78,1,major,5,4,0,7,72,97
523,523,71,80,11,minor,5,13,0,36,59,134
524,524,75,76,2,major,10,12,0,10,36,116
525,525,64,70,4,minor,8,9,0,9,14,170
526,526,83,55,1,minor,23,16,0,14,40,140
527,527,75,76,7,minor,4,3,0,9,46,118
528,528,31,24,-1,major,4,76,0,14,31,65
529,529,56,67,-1,minor,4,0,0,11,16,120
530,530,29,33,3,major,5,68,0,12,12,176
531,531,59,61,8,minor,36,84,0,46,69,180
532,532,59,43,10,major,7,76,0,10,21,144
533,533,82,61,6,minor,27,38,0,14,52,133
534,534,63,52,-1,major,3,28,0,9,21,93
535,535,77,62,10,major,3,34,0,23,25,122
536,536,53,73,1,major,5,9,0,3,55,88
537,537,70,44,5,minor,4,40,0,37,61,170
538,538,46,50,5,minor,11,71,0,10,55,94
539,539,65,47,10,major,16,12,0,13,46,170
540,540,79,70,4,minor,8,57,0,66,79,90
541,541,40,29,7,major,3,62,0,9,7,78
542,542,57,58,2,major,3,5,0,15,36,94
543,543,83,41,2,major,14,0,0,36,11,73
544,544,73,86,1,major,18,42,0,7,79,176
545,545,81,63,3,minor,4,40,1,10,57,128
546,546,58,60,8,major,6,44,9,5,44,120
547,547,63,62,2,major,4,6,0,35,85,82
548,548,77,47,2,major,3,2,0,9,40,95
549,549,44,94,-1,major,29,11,0,4,52,118
550,550,75,86,11,minor,3,8,0,14,93,123
551,551,63,68,-1,major,18,38,0,42,49,90
552,552,73,57,4,minor,5,40,0,11,14,110
553,553,66,82,1,minor,32,47,0,10,76,96
554,554,56,55,2,minor,11,35,0,23,58,88
555,555,73,85,9,minor,5,17,0,24,60,98
556,556,72,68,-1,minor,4,0,0,14,67,110
557,557,70,49,-1,major,8,19,0,12,57,80
558,558,86,53,1,minor,6,43,0,11,31,110
559,559,79,36,8,major,11,0,0,6,70,110
560,560,77,42,1,minor,19,1,1,13,49,78
561,561,83,62,8,major,6,2,0,8,44,129
562,562,44,60,9,major,9,61,0,42,22,181
563,563,75,77,6,minor,10,1,0,9,74,114
564,564,74,65,2,major,35,5,1,11,39,144
565,565,66,68,2,major,4,9,0,12,18,101
566,566,67,63,2,major,5,29,0,12,78,84
567,567,66,69,6,major,7,21,0,11,63,154
568,568,59,62,5,major,3,18,0,9,72,148
569,569,85,37,5,minor,30,13,0,7,22,146
570,570,77,79,11,minor,6,20,0,26,51,120
571,571,53,69,9,major,3,7,0,17,75,110
572,572,77,30,-1,minor,5,95,0,13,82,136
573,573,59,63,1,major,36,12,0,6,56,141
574,574,46,48,9,minor,4,75,30,14,23,108
575,575,42,36,-1,major,5,76,0,9,47,94
576,576,35,94,9,major,5,0,63,5,41,180
577,577,77,79,10,major,5,5,0,16,51,122
578,578,59,52,10,major,3,7,15,12,33,85
579,579,68,73,1,major,7,0,0,7,29,148
580,580,83,73,9,major,11,6,0,5,59,120
581,581,70,72,7,minor,4,22,0,27,76,91
582,582,72,71,4,major,4,26,0,10,54,120
583,583,86,79,-1,major,9,11,0,8,86,106
584,584,63,35,10,major,3,93,0,29,31,110
585,585,39,45,6,major,13,81,0,8,36,169
586,586,80,55,1,major,17,1,0,26,21,118
587,587,91,66,8,minor,16,32,0,9,79,92
588,588,45,60,3,major,6,63,0,9,19,112
589,589,79,91,2,major,21,26,0,13,56,140
590,590,73,76,8,major,3,13,0,5,52,105
591,591,76,77,5,major,22,14,0,15,63,178
592,592,96,42,7,minor,9,57,0,8,71,108
593,593,40,29,9,major,4,86,0,34,19,173
594,594,67,90,1,major,6,3,0,34,40,101
595,595,80,62,8,minor,23,41,2,11,24,120
596,596,73,80,-1,major,12,44,0,9,66,144
597,597,75,61,1,major,4,0,0,18,96,133
598,598,46,83,8,minor,28,53,0,97,62,158
599,599,81,90,9,major,7,9,0,8,92,120
600,600,61,46,-1,major,5,56,0,13,59,129
601,601,74,89,7,major,13,5,0,26,45,102
602,602,79,84,8,minor,5,2,0,5,79,124
603,603,73,45,4,minor,3,85,24,11,31,90
604,604,78,52,6,minor,31,46,0,12,65,161
605,605,60,33,7,major,5,90,0,8,11,120
606,606,45,57,-1,major,3,7,0,23,12,81
607,607,78,70,4,minor,9,18,0,15,47,150
608,608,76,84,8,major,10,10,0,13,58,105
609,609,63,67,6,major,4,38,0,6,76,79
610,610,52,61,1,minor,3,51,0,11,7,146
611,611,64,37,4,major,5,79,0,9,8,124
612,612,53,85,6,major,4,2,0,24,66,126
613,613,80,60,11,minor,14,0,0,32,33,136
614,614,77,63,9,minor,5,58,0,11,26,102
615,615,73,74,7,major,23,23,0,41,54,77
616,616,82,59,6,minor,10,69,0,18,54,98
617,617,44,48,11,minor,24,38,0,33,22,84
618,618,89,82,8,major,11,3,0,17,77,102
619,619,42,26,8,major,3,92,0,13,33,120
620,620,52,91,1,major,7,0,0,11,73,117
621,621,45,33,9,minor,4,82,0,14,27,72
622,622,67,47,1,major,26,5,0,22,29,168
623,623,52,69,1,major,8,13,0,33,68,94
624,624,41,88,8,major,5,0,0,26,65,145
625,625,71,61,1,major,33,1,0,23,14,134
626,626,35,93,1,major,8,0,0,10,24,148
627,627,60,89,4,minor,6,9,0,60,40,127
628,628,74,66,6,minor,16,11,0,8,79,172
629,629,75,46,11,major,8,21,4,34,19,90
630,630,57,40,7,major,3,38,0,26,30,96
631,631,74,67,7,minor,4,46,0,36,65,138
632,632,72,72,7,major,4,0,0,13,67,120
633,633,70,74,9,major,4,1,0,34,65,125
634,634,82,86,2,major,13,1,0,30,80,123
635,635,79,54,6,major,24,41,0,13,44,81
636,636,55,85,1,major,20,7,0,8,10,171
637,637,77,32,11,major,5,84,0,8,60,91
638,638,56,76,7,minor,11,10,0,14,61,84
639,639,90,54,5,minor,28,16,0,13,74,115
640,640,69,89,-1,major,3,4,0,49,70,125
641,641,80,69,6,minor,7,28,0,13,62,122
642,642,85,54,2,major,7,16,0,29,92,92
643,643,63,75,6,minor,8,17,0,11,75,90
644,644,84,70,4,minor,8,9,0,14,90,94
645,645,81,78,11,major,24,18,0,6,53,93
646,646,51,76,2,minor,7,30,0,10,50,130
647,647,35,61,7,minor,6,23,0,19,23,180
648,648,53,31,-1,major,3,92,0,28,31,134
649,649,92,89,3,minor,25,3,0,8,31,95
650,650,69,63,6,major,31,11,0,9,91,184
651,651,47,80,8,minor,38,10,0,32,50,147
652,652,52,60,7,major,3,40,0,26,44,123
653,653,91,61,10,minor,22,3,0,17,49,123
654,654,90,71,6,minor,37,26,0,7,79,90
655,655,61,64,2,minor,4,1,0,12,65,160
656,656,60,71,1,major,4,8,0,48,37,115
657,657,37,67,3,major,9,2,0,34,17,141
658,658,31,88,9,major,8,7,0,8,30,160
659,659,57,66,11,major,4,4,6,15,23,145
660,660,46,43,-1,minor,22,23,8,8,43,89
661,661,84,72,5,minor,8,8,0,15,49,95
662,662,60,62,2,major,4,3,0,38,47,160
663,663,67,75,5,minor,30,44,0,7,74,174
664,664,77,84,7,major,4,3,0,38,76,92
665,665,93,74,8,major,8,9,0,17,61,134
666,666,31,86,11,minor,17,1,0,28,4,172
667,667,76,62,9,major,13,6,0,8,92,80
668,668,91,60,1,minor,12,0,0,9,42,150
669,669,78,74,6,minor,21,4,0,45,53,80
670,670,81,75,10,minor,34,14,0,29,83,166
671,671,67,54,8,major,4,27,0,8,8,120
672,672,86,79,-1,major,6,17,0,11,89,92
673,673,74,52,8,minor,9,30,0,26,61,85
674,674,79,52,2,minor,7,66,0,9,86,154
675,675,73,74,2,minor,6,28,0,14,37,92
676,676,89,70,11,major,5,6,0,13,75,140
677,677,65,60,1,major,40,11,0,10,60,89
678,678,89,86,5,minor,5,16,0,8,89,135
679,679,51,53,8,minor,18,60,0,11,66,140
680,680,47,76,3,major,3,8,91,9,44,82
681,681,78,45,2,major,3,47,0,18,58,79
682,682,31,63,5,major,12,47,27,21,31,88
683,683,44,38,5,major,4,70,0,12,18,139
684,684,73,83,-1,minor,7,55,0,90,68,124
685,685,39,55,8,minor,21,73,0,9,45,80
686,686,84,51,1,minor,40,47,0,12,54,120
687,687,56,46,4,minor,3,92,72,11,19,80
688,688,92,86,1,major,24,11,0,24,62,117
689,689,76,52,9,minor,3,4,0,8,77,117
690,690,62,73,5,minor,11,10,0,67,46,140
691,691,68,77,8,major,5,2,0,10,57,99
692,692,74,87,1,major,5,3,0,8,59,93
693,693,44,20,8,major,3,74,42,11,8,106
694,694,81,63,7,major,22,17,0,10,68,124
695,695,76,70,8,major,4,18,0,33,96,95
696,696,87,53,10,minor,8,10,0,5,82,96
697,697,81,73,4,minor,8,15,0,9,40,92
698,698,95,37,7,major,28,35,0,10,36,124
699,699,64,44,6,major,4,70,9,12,76,72
700,700,28,20,-1,minor,3,19,0,30,26,71
701,701,78,57,9,minor,8,4,0,10,55,135
702,702,81,70,10,major,24,4,0,5,56,95
703,703,59,74,1,minor,40,56,0,11,70,71
704,704,80,68,10,minor,37,6,0,10,71,180
705,705,65,58,4,minor,9,0,0,12,11,150
706,706,55,44,8,major,4,40,0,7,86,189
707,707,72,64,-1,major,4,49,0,7,55,85
708,708,59,45,7,major,3,44,0,34,73,140
709,709,77,70,-1,major,20,6,0,17,68,81
710,710,80,65,2,minor,4,2,0,9,24,104
711,711,42,44,11,major,6,62,0,8,33,129
712,712,76,80,1,minor,4,20,0,25,81,94
713,713,41,40,-1,minor,5,27,0,30,23,71
714,714,59,46,9,minor,6,66,0,15,23,146
715,715,69,88,6,minor,8,5,0,29,90,103
716,716,53,78,2,major,5,0,0,16,66,124
717,717,70,58,10,minor,13,24,0,7,71,164
718,718,69,57,2,major,9,12,0,10,35,138
719,719,67,46,9,minor,39,13,0,10,37,126
720,720,61,65,11,minor,4,3,0,17,47,103
721,721,75,52,8,major,3,41,0,11,64,95
722,722,39,77,11,minor,29,4,0,6,28,200
723,723,86,52,-1,major,4,54,0,10,75,129
724,724,68,43,6,minor,14,38,0,36,33,98
725,725,91,56,8,major,10,3,0,11,32,107
726,726,58,83,-1,major,4,5,0,7,56,174
727,727,45,67,8,major,14,32,0,13,27,92
728,728,81,83,7,major,5,9,0,11,59,90
729,729,60,69,5,major,4,2,0,58,58,147
730,730,68,55,1,major,12,16,0,10,41,143
731,731,76,71,3,minor,3,3,0,10,63,101
732,732,70,71,1,minor,4,0,0,33,54,118
733,733,83,74,7,minor,6,14,0,16,63,98
734,734,72,46,1,minor,6,24,0,9,22,138
735,735,59,62,5,minor,4,1,0,8,30,114
736,736,63,64,7,minor,8,34,0,9,45,180
737,737,56,57,11,major,3,1,0,13,41,145
738,738,78,64,8,minor,4,1,0,7,63,115
739,739,79,84,10,major,23,13,0,21,48,82
740,740,70,61,2,major,34,2,0,10,22,166
741,741,86,79,-1,major,16,29,0,60,91,92
742,742,71,44,6,major,6,74,0,11,55,108
743,743,71,45,4,minor,3,45,0,11,63,84
744,744,69,91,3,minor,4,6,0,35,90,95
745,745,93,45,3,minor,27,25,0,13,77,135
746,746,57,27,4,major,3,84,0,9,6,110
747,747,89,64,7,major,7,5,0,19,59,88
748,748,87,50,1,minor,10,12,0,10,28,119
749,749,58,80,1,major,41,15,0,7,71,120
750,750,86,80,2,major,6,36,0,9,97,122
751,751,78,75,5,major,8,41,0,27,83,98
752,752,45,84,4,minor,6,21,0,13,25,140
753,753,79,81,6,minor,4,4,0,10,87,116
754,754,86,49,3,major,21,51,0,35,62,124
755,755,91,72,9,minor,15,13,0,9,73,105
756,756,68,58,8,major,3,44,0,6,24,118
757,757,61,38,4,major,5,61,0,10,20,108
758,758,61,38,4,major,44,84,0,28,53,100
759,759,81,66,3,minor,14,38,0,12,39,140
760,760,78,74,1,minor,27,36,0,17,40,101
761,761,56,90,5,major,31,36,0,18,61,78
762,762,79,55,-1,minor,5,31,0,12,22,93
763,763,52,83,8,major,43,24,0,17,32,87
764,764,55,78,10,minor,35,19,0,11,50,153
765,765,87,59,-1,major,5,28,0,17,93,142
766,766,85,43,10,minor,21,39,0,12,41,96
767,767,50,78,-1,major,33,4,0,11,39,125
768,768,71,65,10,major,5,23,0,9,43,85
769,769,92,57,1,minor,9,46,0,14,78,140
770,770,66,79,11,minor,20,23,0,22,58,196
771,771,78,43,7,major,9,69,0,14,51,134
772,772,80,62,1,minor,38,76,0,10,45,103
773,773,82,67,1,major,5,12,0,13,50,130
774,774,65,69,11,major,36,31,0,8,52,108
775,775,61,71,8,major,46,53,0,32,66,123
776,776,84,69,11,major,6,21,0,18,74,152
777,777,78,60,2,major,4,59,0,7,55,108
778,778,56,47,10,minor,36,76,0,8,56,72
779,779,86,65,6,minor,7,42,0,35,67,121
780,780,57,82,3,minor,29,19,0,15,71,138
781,781,50,50,5,minor,6,69,0,12,41,188
782,782,80,85,1,major,21,23,0,11,26,110
783,783,81,79,8,major,8,19,0,47,77,105
784,784,63,70,8,major,31,5,0,9,60,118
785,785,61,62,2,major,31,60,0,24,24,176
786,786,83,65,11,major,8,0,10,11,41,158
787,787,85,58,1,minor,12,9,0,49,72,115
788,788,51,82,11,minor,3,0,0,5,48,110
789,789,73,54,9,major,32,30,0,34,26,174
790,790,91,96,4,major,9,3,0,3,91,130
791,791,36,54,10,major,5,34,0,14,30,78
792,792,44,42,7,major,9,88,0,9,74,104
793,793,64,88,7,major,6,0,0,12,80,121
794,794,83,82,2,major,4,14,0,12,32,105
795,795,38,66,7,major,8,9,0,9,20,81
796,796,37,24,1,minor,4,80,0,11,14,170
797,797,43,38,7,major,38,76,1,48,60,78
798,798,88,66,8,major,31,6,0,13,28,125
799,799,66,65,4,minor,7,23,0,8,29,92
800,800,84,42,11,minor,9,31,0,9,61,140
801,801,61,90,-1,major,9,25,0,10,32,96
802,802,66,43,5,minor,19,84,0,19,83,118
803,803,71,60,11,minor,4,7,0,6,67,92
804,804,49,37,8,minor,35,87,0,11,50,140
805,805,68,71,1,major,25,18,0,11,45,174
806,806,77,78,10,major,4,19,0,29,53,127
807,807,71,52,11,major,36,62,0,11,37,96
808,808,82,66,8,minor,6,13,0,11,82,150
809,809,87,60,6,major,16,1,0,13,46,100
810,810,73,81,1,minor,6,13,0,9,59,105
811,811,86,62,7,major,14,5,0,13,43,104
812,812,54,79,8,major,5,1,0,17,45,154
813,813,47,83,11,major,5,18,0,10,33,80
814,814,53,43,3,major,3,64,0,13,14,150
815,815,32,72,11,minor,4,0,0,9,49,156
816,816,76,81,8,minor,34,18,0,6,79,98
817,817,58,36,7,major,3,86,0,9,27,92
818,818,47,50,4,major,4,32,0,7,7,144
819,819,37,56,4,major,3,8,0,13,27,150
820,820,56,89,1,major,19,4,0,33,68,172
821,821,72,82,8,major,17,2,0,4,70,77
822,822,72,72,11,major,4,26,6,11,36,107
823,823,51,29,2,major,4,90,0,10,39,114
824,824,63,51,2,major,4,43,0,25,29,117
825,825,80,60,8,minor,26,8,0,14,74,160
826,826,88,56,7,major,6,1,0,8,15,120
827,827,82,70,11,minor,5,16,0,8,76,100
828,828,60,84,8,minor,11,4,0,24,68,158
829,829,56,54,3,major,4,72,0,10,40,142
830,830,80,85,9,minor,14,11,0,17,77,170
831,831,71,86,5,minor,25,2,0,51,39,84
832,832,58,46,-1,major,3,14,0,9,30,139
833,833,73,67,7,major,5,20,0,32,88,151
834,834,82,75,1,minor,6,6,0,63,42,128
835,835,56,54,7,major,5,67,0,6,20,118
836,836,65,72,5,major,3,36,14,20,88,183
837,837,63,62,3,minor,4,4,0,18,29,83
838,838,85,80,1,major,14,6,0,17,42,122
839,839,72,48,9,major,23,32,0,18,90,165
840,840,83,64,9,minor,4,35,5,9,90,106
841,841,81,58,11,major,34,83,0,11,68,77
842,842,57,89,8,major,8,10,0,33,30,91
843,843,51,63,7,major,3,5,0,41,21,148
844,844,71,81,4,minor,3,31,2,13,90,114
845,845,83,82,6,major,5,10,0,9,56,92
846,846,56,45,5,major,3,1,3,7,25,118
847,847,60,71,4,minor,4,3,0,16,46,123
848,848,52,48,3,major,3,54,1,19,28,89
849,849,81,93,5,minor,11,49,0,12,61,110
850,850,42,20,-1,major,4,94,0,11,32,118
851,851,68,76,11,minor,20,21,0,11,54,90
852,852,49,40,-1,major,3,82,0,11,14,130
853,853,70,62,6,minor,4,47,0,10,97,154
854,854,54,83,4,minor,4,0,44,20,59,105
855,855,70,88,1,minor,8,4,0,26,87,115
856,856,91,82,1,major,8,8,0,6,59,110
857,857,51,68,4,minor,6,12,2,15,5,125
858,858,73,75,1,major,8,0,0,34,62,102
859,859,81,65,8,minor,4,4,0,14,72,120
860,860,80,86,2,major,5,4,0,3,36,97
861,861,44,92,5,minor,7,0,0,44,41,140
862,862,78,72,2,major,4,1,0,11,31,97
863,863,45,90,6,major,5,9,11,10,67,125
864,864,80,56,3,minor,9,13,0,8,55,88
865,865,88,49,10,minor,14,9,0,9,8,137
866,866,88,69,9,major,23,0,0,8,52,157
867,867,95,57,6,major,25,54,0,10,83,130
868,868,85,83,1,major,11,10,0,8,80,90
869,869,44,67,8,minor,13,7,0,12,44,183
870,870,58,91,1,major,11,2,0,27,68,128
871,871,71,40,3,minor,45,46,0,7,78,130
872,872,63,43,1,major,23,24,0,12,56,126
873,873,77,87,-1,major,12,2,0,23,94,120
874,874,72,46,4,minor,8,7,0,28,18,130
875,875,70,76,-1,major,45,30,0,9,46,122
876,876,74,58,8,minor,8,15,0,13,46,172
877,877,61,62,8,major,40,14,0,23,38,103
878,878,55,64,10,minor,10,0,0,17,46,122
879,879,47,90,11,major,4,0,0,10,56,130
880,880,81,65,10,minor,4,24,0,8,70,105
881,881,90,51,5,major,6,39,0,9,73,120
882,882,56,53,7,major,4,24,0,12,43,145
883,883,79,59,7,minor,14,28,0,11,64,99
884,884,79,65,10,minor,14,5,0,25,66,88
885,885,81,73,9,major,4,28,0,29,90,126
886,886,77,75,-1,major,4,33,1,13,71,136
887,887,70,59,8,major,12,55,0,27,97,113
888,888,82,88,11,major,3,20,0,21,49,132
889,889,77,74,8,major,8,47,0,34,74,135
890,890,67,77,-1,major,11,11,0,19,49,126
891,891,67,74,1,minor,4,30,0,36,72,102
892,892,68,92,-1,major,12,10,0,9,80,125
893,893,37,66,1,major,5,14,0,9,28,149
894,894,74,89,-1,major,5,24,61,15,71,137
895,895,77,91,3,minor,12,14,0,33,78,120
896,896,90,50,1,major,26,11,0,9,75,100
897,897,70,57,8,minor,7,25,0,15,58,164
898,898,65,66,10,minor,7,31,0,22,79,93
899,899,65,80,1,minor,25,5,0,6,52,180
900,900,34,31,1,major,7,43,63,10,22,79
901,901,56,44,5,major,2,73,0,11,21,146
902,902,37,27,1,major,3,75,5,10,17,103
903,903,70,76,4,minor,23,8,0,54,26,140
904,904,81,70,10,major,7,13,0,15,48,92
905,905,64,60,1,minor,4,11,0,19,4,102
906,906,82,85,11,minor,4,33,1,11,75,118
907,907,78,62,2,major,6,6,0,15,75,93
908,908,70,56,5,minor,5,14,83,11,26,150
909,909,52,60,2,major,3,0,0,8,24,130
910,910,65,53,3,minor,4,6,0,51,24,83
911,911,84,75,9,major,8,5,0,6,43,102
912,912,73,91,4,minor,18,4,0,48,65,136
913,913,57,37,7,major,3,11,18,16,24,130
914,914,72,77,7,major,11,9,0,8,92,156
915,915,57,85,2,major,4,5,0,16,50,123
916,916,92,62,7,major,10,7,0,63,53,132
917,917,49,74,3,minor,4,0,0,9,13,125
918,918,74,67,5,minor,46,0,0,11,22,162
919,919,80,81,10,major,36,14,0,13,82,138
920,920,59,60,10,minor,44,12,0,5,62,161
921,921,91,55,8,minor,32,1,0,7,23,131
922,922,75,63,4,minor,12,6,0,35,45,122
923,923,80,28,4,minor,39,17,0,12,16,80
924,924,75,50,7,major,17,20,0,30,11,109
925,925,84,36,9,major,59,2,0,39,33,158
926,926,66,35,4,major,14,55,0,9,12,126
927,927,73,61,1,major,7,1,0,32,25,104
928,928,48,31,-1,major,4,80,22,12,15,110
929,929,77,70,7,major,5,1,0,16,20,130
930,930,34,16,-1,major,5,97,0,12,39,177
931,931,48,84,7,major,12,43,0,15,55,158
932,932,62,44,2,minor,3,51,33,14,25,114
933,933,93,61,5,major,20,0,0,12,62,144
934,934,54,76,5,major,3,0,0,14,22,125
935,935,85,43,5,minor,32,4,0,39,40,142
936,936,64,53,2,major,27,1,0,25,11,120
937,937,57,74,5,major,4,22,0,8,55,96
938,938,60,39,9,major,3,57,0,8,24,144
939,939,42,24,6,major,6,83,1,12,7,166
940,940,80,67,1,major,6,4,0,8,81,92
941,941,82,77,1,major,5,8,0,12,67,97
942,942,61,67,4,minor,5,15,0,11,32,90
943,943,69,54,4,minor,0,29,0,36,41,121
944,944,76,75,11,major,0,3,0,6,84,111
945,945,73,90,2,minor,0,9,11,23,24,120
946,946,61,70,1,minor,0,0,0,9,36,85
947,947,50,81,11,major,0,0,0,4,50,109
948,948,81,65,5,major,0,0,0,10,86,124
949,949,54,52,11,major,0,0,0,28,42,176
950,950,74,84,9,major,0,8,0,8,82,150
951,951,82,45,5,minor,0,62,0,10,68,114
952,952,78,58,10,major,0,6,0,11,72,120
953,953,79,66,0,major,0,16,0,10,85,119
954,954,70,63,1,minor,0,26,1,17,37,110
955,955,64,68,4,minor,0,3,0,7,45,163
956,956,73,68,10,major,0,13,0,40,66,162
957,957,64,74,5,major,0,4,0,9,46,124
958,958,77,75,9,major,0,34,39,7,88,112
959,959,79,89,1,major,0,16,0,5,79,94
960,960,77,65,4,major,0,32,0,11,64,148
961,961,55,80,0,minor,0,0,0,56,77,169
962,962,72,76,6,minor,0,66,2,14,11,125
963,963,80,59,2,minor,0,43,0,42,62,139
964,964,79,66,4,major,0,5,0,31,73,109
965,965,71,82,0,major,0,8,2,16,54,121
966,966,68,59,8,major,0,5,0,8,31,117
967,967,57,72,11,major,0,3,0,71,24,124
968,968,73,51,11,minor,0,15,0,5,69,171
969,969,64,76,6,major,0,4,0,15,36,126
970,970,85,46,3,minor,0,21,0,34,86,102
971,971,87,52,1,major,0,43,0,11,31,110
972,972,64,61,2,major,0,16,0,40,29,129
973,973,87,81,4,major,0,14,0,10,71,112
974,974,86,41,1,minor,0,45,0,12,65,99
975,975,79,73,7,major,0,52,23,14,49,120
976,976,68,86,11,major,0,28,0,33,49,123
977,977,70,78,2,minor,0,0,0,10,48,119
978,978,69,78,6,minor,0,15,3,30,20,122
979,979,74,89,7,minor,0,31,0,23,50,120
980,980,81,84,4,major,0,2,0,2,68,106
981,981,59,71,2,minor,0,0,0,63,16,125
982,982,80,89,6,major,0,18,0,8,74,112
983,983,77,74,5,major,0,0,0,15,65,125
984,984,69,74,7,minor,0,4,0,9,7,125
985,985,73,75,8,minor,0,3,0,10,83,150
986,986,77,93,7,major,0,31,0,11,13,120
987,987,64,86,8,major,0,6,0,24,51,120
988,988,71,80,11,major,0,12,0,35,58,134
989,989,75,73,5,major,0,6,0,18,33,134
990,990,72,69,5,minor,0,7,0,9,41,134
991,991,69,82,0,minor,0,2,0,25,86,93
992,992,70,83,9,minor,0,3,0,63,37,124
993,993,49,59,1,major,0,51,0,10,7,145
994,994,76,79,5,major,0,1,0,31,12,124
995,995,91,43,9,minor,0,56,0,12,75,109
996,996,80,84,11,minor,0,8,0,26,50,125
997,997,67,71,8,minor,0,53,0,33,32,126
998,998,74,86,9,major,0,12,0,59,51,128
999,999,61,90,11,major,0,13,0,11,47,186
1000,1000,66,60,1,minor,0,30,0,9,19,130
1001,1001,68,67,1,major,0,10,0,10,61,123
1002,1002,75,83,9,minor,0,19,0,31,39,123
1003,1003,95,69,9,minor,0,1,0,17,89,130
1004,1004,69,89,6,major,0,13,0,11,51,123
1005,1005,55,83,6,major,0,9,0,44,73,127
1006,1006,66,68,0,minor,0,15,0,30,38,123
1007,1007,71,67,10,minor,0,3,0,15,72,99
1008,1008,82,77,9,major,0,62,0,27,65,122
1009,1009,67,86,5,major,0,1,0,27,41,125
1010,1010,72,89,0,major,0,4,0,6,43,119
1011,1011,79,54,10,major,0,5,4,13,25,187
1012,1012,82,73,10,major,0,0,93,6,78,93
1013,1013,71,72,9,minor,0,13,0,36,41,128
1014,1014,60,77,6,minor,0,0,0,7,34,126
1015,1015,58,69,7,minor,0,66,85,14,72,93
1016,1016,71,59,0,minor,0,96,25,12,45,169
1017,1017,84,66,8,minor,0,18,0,9,86,125
1018,1018,93,68,11,minor,0,0,0,5,58,130
1019,1019,70,86,6,major,0,0,0,12,48,122
1020,1020,90,39,4,major,0,45,0,13,20,104
1021,1021,75,83,9,minor,0,2,0,14,47,125
1022,1022,71,64,3,major,0,20,0,12,66,140
1023,1023,61,79,6,major,0,0,0,26,51,120
1024,1024,74,47,2,minor,0,2,0,35,59,166
1025,1025,60,70,7,minor,0,17,0,57,67,106
1026,1026,78,72,6,major,0,18,0,6,55,180
1027,1027,70,72,7,major,0,22,0,27,75,90
1028,1028,86,63,8,minor,0,1,0,9,67,117
1029,1029,79,66,1,major,0,25,0,11,47,140
1030,1030,54,86,7,major,0,1,0,24,63,159
1031,1031,86,79,11,minor,0,0,1,4,81,166
1032,1032,59,21,1,minor,0,93,0,25,42,81
1033,1033,71,66,6,minor,0,22,0,10,48,95
1034,1034,84,76,4,minor,0,0,0,6,40,94
1035,1035,72,74,1,major,0,23,0,25,61,78
1036,1036,65,52,11,major,0,11,0,20,55,83
1037,1037,53,61,1,major,0,17,0,14,49,163
1038,1038,78,74,10,major,0,6,0,16,66,116
1039,1039,68,77,6,minor,0,7,0,31,51,124
1040,1040,59,69,1,major,0,12,0,37,30,121
1041,1041,70,54,10,minor,0,65,0,13,54,83
1042,1042,73,73,6,minor,0,2,0,9,47,101
1043,1043,93,45,1,minor,0,1,0,8,35,133
1044,1044,76,48,0,major,0,23,0,26,76,150
1045,1045,76,64,0,minor,0,5,0,23,67,100
1046,1046,81,51,5,major,0,12,0,8,83,151
1047,1047,66,41,0,minor,0,21,0,13,46,93
1048,1048,67,84,8,minor,0,5,0,20,38,140
1049,1049,74,69,11,minor,0,24,0,10,49,89
1050,1050,83,58,0,minor,0,23,0,24,48,109
1051,1051,61,62,11,major,0,49,0,28,80,62
1052,1052,39,49,6,major,0,5,0,11,15,91
1053,1053,48,60,10,major,0,48,0,8,26,179
1054,1054,88,34,11,major,0,21,13,5,71,94
1055,1055,47,72,2,minor,0,6,0,58,27,155
1056,1056,73,91,6,major,0,2,0,37,13,125
1057,1057,82,58,6,major,0,11,0,19,34,125
1058,1058,81,64,5,minor,0,33,0,7,45,138
1059,1059,77,50,0,major,0,19,0,11,48,94
1060,1060,68,72,5,minor,0,61,0,22,44,123
1061,1061,68,71,7,minor,0,9,0,9,37,116
1062,1062,57,85,5,minor,0,3,7,13,3,123
1063,1063,82,85,8,minor,0,1,0,11,89,95
1064,1064,86,32,0,minor,0,66,0,10,53,98
1065,1065,85,63,3,major,0,12,0,26,49,86
1066,1066,73,78,11,minor,0,8,0,21,25,125
1067,1067,72,43,6,major,0,74,0,10,62,130
1068,1068,79,82,0,major,0,20,0,43,24,125
1069,1069,92,38,9,minor,0,75,0,11,42,108
1070,1070,96,46,9,minor,0,20,0,16,32,108
1071,1071,63,70,10,minor,0,6,0,44,28,115
1072,1072,71,53,0,major,0,23,0,15,28,129
1073,1073,58,68,8,minor,0,37,0,58,12,107
1074,1074,71,70,4,major,0,32,0,52,34,126
1075,1075,72,77,8,major,0,0,0,11,44,122
1076,1076,82,61,1,major,0,43,0,33,84,102
1077,1077,70,95,10,major,0,12,0,20,57,125
1078,1078,79,83,11,major,0,36,0,19,18,127
1079,1079,95,69,10,major,0,0,0,7,43,100
1080,1080,70,89,8,major,0,29,0,48,55,120
1081,1081,84,74,11,minor,0,2,0,9,68,168
1082,1082,77,55,0,minor,0,20,0,13,34,99
1083,1083,73,72,4,major,0,16,0,34,46,113
1084,1084,67,54,4,minor,0,4,0,9,77,96
1085,1085,65,94,5,minor,0,0,91,43,32,126
1086,1086,89,58,10,major,0,10,0,79,64,116
1087,1087,64,59,9,minor,0,0,0,36,39,120
1088,1088,86,63,7,minor,0,30,0,12,81,128
1089,1089,83,49,1,major,0,28,0,11,84,81
1090,1090,63,63,4,minor,0,0,0,5,45,93
1091,1091,80,54,9,minor,0,30,0,10,87,147
1092,1092,58,71,1,minor,0,2,0,7,14,92
1093,1093,64,72,11,minor,0,19,0,15,13,105
1094,1094,76,51,8,minor,0,0,10,34,50,121
1095,1095,67,60,2,major,0,7,0,15,50,142
1096,1096,92,60,11,major,0,1,0,27,82,145
1097,1097,71,80,7,minor,0,0,0,30,30,120
1098,1098,87,52,5,minor,0,18,0,7,69,112
1099,1099,72,81,4,major,0,20,0,63,62,121
1100,1100,78,67,11,major,0,26,0,9,77,110
1101,1101,66,71,7,major,0,0,0,7,71,100
1102,1102,76,79,8,minor,0,2,0,8,68,122
1103,1103,72,43,8,major,0,73,0,69,34,144
1104,1104,71,61,7,major,0,5,0,15,48,129
1105,1105,82,79,2,major,0,72,0,12,75,118
1106,1106,76,78,11,minor,0,18,0,12,83,126
1107,1107,80,59,8,minor,0,1,0,19,30,139
1108,1108,54,74,5,minor,0,6,0,51,39,123
1109,1109,90,33,1,minor,0,32,1,10,27,99
1110,1110,62,60,6,major,0,5,0,46,45,116
1111,1111,64,71,11,minor,0,8,3,8,50,124
1112,1112,84,67,9,minor,0,6,0,27,81,97
1113,1113,79,67,6,minor,0,9,0,8,84,101
1114,1114,77,55,6,major,0,12,0,39,67,129
1115,1115,85,54,0,minor,0,56,0,13,44,124
1116,1116,87,51,11,minor,0,20,0,10,15,94
1117,1117,71,86,1,major,0,2,0,60,48,124
1118,1118,77,82,11,minor,0,14,3,14,18,100
1119,1119,51,35,8,major,0,74,0,8,39,79
1120,1120,50,67,4,major,0,31,0,26,3,128
1121,1121,64,74,4,minor,0,1,0,16,78,116
1122,1122,82,61,9,major,0,7,0,6,63,127
